<?xml version="1.0" encoding="UTF-8" ?>
<!DOCTYPE mapper PUBLIC "-//mybatis.org//DTD Mapper 3.0//EN"
        "http://mybatis.org/dtd/mybatis-3-mapper.dtd">
<mapper namespace="com.itheima.mapper.CustomerMapper">
    <select id="findCustomerById" parameterType="Integer" resultType="com.itheima.po.Customer">
      select * from t_customer where id = #{id}
 </select>
    <select id="findCustomerByName" parameterType="String" resultType="com.itheima.po.Customer">
      select * from t_customer where name like concat('%',#{value},'%')
 </select>
    <insert id="addCustomer" parameterType="com.itheima.po.Customer">
        insert into t_customer(name,job,phone)
        value (#{name},#{job},#{phone})
  </insert>
    <update id="updateCustomer" parameterType="com.itheima.po.Customer">
        update t_customer set
        name =#{name},job=#{job},phone=#{phone}
        where id=#{id}
    </update>
    <delete id="deleteCustomer" parameterType="Integer">
        delete from t_customer where id=#{id}
    </delete>
</mapper>
